Rk,School,G,W,L,W.L.,SRS,SOS,Tm.,Opp.,MP,FG,FGA,FG.,X3P,X3PA,X3P.,FT,FTA,FT.,ORB,TRB,AST,STL,BLK,TOV,PF
1,Abilene Christian,30,13,17,0.433,-2.51,1.18,2249,2133,1210,812,1800,0.451,211,613,0.344,414,573,0.723,307,972,471,264,71,379,617
2,Air Force,32,14,18,0.438,2.6,2.72,2142,2146,1295,756,1636,0.462,261,733,0.356,369,511,0.722,213,946,491,184,127,391,544
3,Akron,33,22,11,0.667,4.62,-1.22,2463,2209,1330,844,1898,0.445,300,845,0.355,475,643,0.739,335,1178,443,199,87,370,529
4,Alabama,33,28,5,0.848,23.52,10.01,2712,2266,1350,917,2049,0.448,330,976,0.338,548,755,0.726,413,1458,501,200,165,467,614
5,Alabama A&M,33,15,18,0.455,-10.38,-7.31,2297,2340,1336,823,1868,0.441,226,610,0.37,425,649,0.655,334,1079,419,264,133,498,624
6,Alabama State,31,8,23,0.258,-15.97,-5.94,1963,2252,1245,683,1821,0.375,185,605,0.306,412,584,0.705,387,1117,309,182,110,414,557
7,Albany (NY),31,8,23,0.258,-14.37,-4.55,2086,2332,1245,726,1755,0.414,237,725,0.327,397,550,0.722,317,1033,363,178,51,414,576
8,Alcorn State,31,18,13,0.581,-8.4,-5.88,2112,2190,1261,746,1813,0.411,159,538,0.296,461,637,0.724,368,1050,310,249,79,393,590
9,American,32,17,15,0.531,-8.23,-7.7,2093,2110,1300,785,1630,0.482,204,589,0.346,319,455,0.701,259,970,436,238,126,448,482
10,Appalachian State,32,16,16,0.5,-1.29,-0.77,2248,2067,1290,819,1854,0.442,243,726,0.335,367,543,0.676,288,1142,417,204,146,352,442
11,Arizona,34,28,6,0.824,20,8.82,2811,2431,1360,999,2015,0.496,292,765,0.382,521,735,0.709,349,1339,652,208,109,455,579
12,Arizona State,34,22,12,0.647,11.02,8.41,2391,2302,1375,850,2056,0.413,255,813,0.314,436,633,0.689,385,1253,484,247,159,402,630
13,Arkansas,33,20,13,0.606,16.64,9.61,2456,2224,1325,893,1879,0.475,168,530,0.317,502,728,0.69,331,1162,443,277,173,426,631
14,Arkansas State,33,13,20,0.394,-7.78,-3.01,2169,2232,1325,777,1799,0.432,209,593,0.352,406,600,0.677,325,1108,433,220,108,385,553
15,Arkansas-Pine Bluff,31,10,21,0.323,-12.49,-4.86,2074,2162,1250,701,1791,0.391,245,776,0.316,427,587,0.727,314,1071,396,250,86,473,611
16,Army,33,17,16,0.515,-7.22,-7.67,2412,2322,1330,885,1853,0.478,252,718,0.351,390,570,0.684,280,1132,432,168,70,427,532
17,Auburn,32,20,12,0.625,14.93,9.27,2327,2146,1285,826,1875,0.441,208,663,0.314,467,665,0.702,375,1159,454,256,164,399,615
18,Austin Peay,31,9,22,0.29,-12.45,-2.72,2067,2241,1245,743,1790,0.415,222,690,0.322,359,495,0.725,312,972,387,220,94,364,525
19,Ball State,32,20,12,0.625,-0.75,-3.05,2445,2292,1285,841,1785,0.471,240,651,0.369,523,759,0.689,337,1147,422,176,123,391,525
20,Baylor,32,22,10,0.688,18.08,11.17,2469,2248,1285,823,1843,0.447,310,834,0.372,513,685,0.749,373,1097,464,213,76,394,556
21,Bellarmine,33,15,18,0.455,-7.38,-1.31,2187,2216,1330,797,1738,0.459,264,752,0.351,329,436,0.755,217,960,467,184,45,368,522
22,Belmont,32,21,11,0.656,2.3,-1.51,2447,2299,1290,898,1902,0.472,307,791,0.388,344,474,0.726,267,1055,488,225,101,365,499
23,Bethune-Cookman,33,13,20,0.394,-16.45,-7.49,2232,2459,1325,793,1926,0.412,227,627,0.362,419,602,0.696,327,1066,371,236,97,420,575
24,Binghamton,31,13,18,0.419,-10.46,-5.53,2133,2217,1260,794,1763,0.45,172,533,0.323,373,523,0.713,301,1086,361,144,98,404,558
25,Boise State,33,24,9,0.727,13.63,6.6,2384,2123,1335,852,1873,0.455,259,710,0.365,421,573,0.735,287,1174,370,169,97,370,538
26,Boston College,33,16,17,0.485,1.13,4.76,2197,2317,1330,819,1873,0.437,188,590,0.319,371,512,0.725,308,1093,413,210,118,405,521
27,Boston University,32,15,17,0.469,-8.15,-6.57,2147,2151,1300,761,1845,0.412,238,722,0.33,387,524,0.739,328,1136,335,205,79,384,561
28,Bowling Green State,31,11,20,0.355,-8.09,-3.44,2355,2434,1240,840,1859,0.452,224,658,0.34,451,622,0.725,326,1109,428,188,93,378,550
29,Bradley,34,25,9,0.735,7.37,-0.6,2411,2114,1365,892,1928,0.463,271,754,0.359,356,532,0.669,329,1201,456,237,134,398,545
30,Brigham Young,34,19,15,0.559,9.91,5.87,2568,2376,1365,913,2008,0.455,276,812,0.34,466,650,0.717,374,1272,501,251,135,481,659
31,Brown,27,14,13,0.519,-2.67,-2.89,1878,1872,1086,682,1557,0.438,216,622,0.347,298,464,0.642,241,942,372,194,87,361,438
32,Bryant,30,17,13,0.567,-3.64,-4.57,2381,2193,1205,848,1821,0.466,243,714,0.34,442,602,0.734,318,1179,403,200,106,402,518
33,Bucknell,32,12,20,0.375,-9.57,-7.13,2161,2192,1290,797,1749,0.456,235,660,0.356,332,463,0.717,260,1084,429,176,121,427,498
34,Buffalo,32,15,17,0.469,-2.67,0.96,2481,2485,1285,906,2000,0.453,224,696,0.322,445,632,0.704,377,1208,470,254,102,452,602
35,Butler,32,14,18,0.438,5.85,8.54,2088,2174,1280,771,1767,0.436,207,633,0.327,339,459,0.739,207,958,403,216,138,378,429
36,Cal Poly,33,8,25,0.242,-7.02,-0.05,2006,2174,1330,715,1733,0.413,181,615,0.294,395,531,0.744,281,1080,341,181,82,457,653
37,Cal State Bakersfield,33,11,22,0.333,-7.87,-1,1995,2134,1340,732,1770,0.414,142,437,0.325,389,512,0.76,311,1055,355,205,100,424,621
38,Cal State Fullerton,33,20,13,0.606,2.23,0.23,2283,2148,1360,779,1812,0.43,253,686,0.369,472,681,0.693,303,1108,340,214,85,391,590
39,Cal State Northridge,32,7,25,0.219,-9.91,-1.25,2028,2194,1285,695,1735,0.401,184,575,0.32,454,612,0.742,313,1066,314,201,99,400,605
40,California,32,3,29,0.094,-2.88,8.91,1866,2243,1290,662,1694,0.391,156,524,0.298,386,534,0.723,278,1007,308,151,100,417,548
41,California Baptist,33,17,16,0.515,0.47,-0.43,2291,2156,1330,811,1898,0.427,276,837,0.33,393,592,0.664,362,1227,471,146,103,379,569
42,Campbell,34,16,18,0.471,-5.23,-4.88,2374,2329,1385,830,1777,0.467,228,683,0.334,486,691,0.703,267,1066,416,212,97,404,554
43,Canisius,30,10,20,0.333,-6.93,-3.34,2111,2169,1225,763,1809,0.422,255,734,0.347,328,448,0.732,313,1008,431,168,79,357,469
44,Central Arkansas,31,9,22,0.29,-13.63,-3.06,2261,2527,1255,818,1987,0.412,264,818,0.323,361,482,0.749,347,1128,384,202,98,413,508
45,Central Connecticut State,32,10,22,0.313,-14.05,-9.86,2111,2245,1295,791,1874,0.422,219,669,0.327,310,437,0.709,324,1092,412,179,122,380,451
46,Central Florida,32,18,14,0.563,11.24,4.99,2311,2111,1315,800,1863,0.429,284,790,0.359,427,554,0.771,373,1120,454,237,124,421,533
47,Central Michigan,31,10,21,0.323,-11.59,-2.25,2038,2263,1245,702,1688,0.416,191,637,0.3,443,642,0.69,343,1096,333,181,118,494,614
48,Charleston Southern,31,10,21,0.323,-9.4,-4.43,2251,2305,1245,819,1850,0.443,251,731,0.343,362,498,0.727,360,1091,373,157,81,365,562
49,Charlotte,32,18,14,0.563,3.62,-0.35,2135,2008,1305,788,1673,0.471,256,680,0.376,303,407,0.744,213,957,413,171,82,346,447
50,Chattanooga,35,18,17,0.514,-2.18,-3.18,2702,2523,1405,924,2042,0.452,398,1057,0.377,456,639,0.714,335,1268,536,200,121,407,552
51,Chicago State,31,11,20,0.355,-10.93,-3.15,2180,2264,1245,760,1757,0.433,256,755,0.339,404,555,0.728,365,1090,379,175,83,422,561
52,Cincinnati,33,21,12,0.636,11.99,5.09,2548,2284,1330,936,2082,0.45,298,836,0.356,378,542,0.697,361,1217,520,207,131,351,523
53,Clemson,33,23,10,0.697,11.23,4.08,2476,2240,1330,874,1862,0.469,276,747,0.369,452,572,0.79,244,1156,472,170,102,369,576
54,Cleveland State,34,21,13,0.618,-1.9,-4.93,2437,2314,1380,928,2040,0.455,174,562,0.31,407,599,0.679,428,1213,456,237,114,396,568
55,Coastal Carolina,31,11,20,0.355,-8.71,-1.53,2273,2294,1250,816,1880,0.434,223,705,0.316,418,533,0.784,349,1153,383,188,99,379,497
56,Colgate,34,26,8,0.765,2.28,-6.63,2672,2345,1360,1017,1980,0.514,283,694,0.408,355,540,0.657,270,1155,631,237,97,346,427
57,College of Charleston,34,31,3,0.912,8.46,-4.51,2747,2290,1370,941,2146,0.438,343,1027,0.334,522,704,0.741,464,1377,469,250,107,408,572
58,Colorado,33,17,16,0.515,12.05,8.78,2311,2203,1320,844,1943,0.434,215,675,0.319,408,589,0.693,371,1231,430,250,120,441,538
59,Colorado State,33,15,18,0.455,6.22,6.44,2391,2355,1335,873,1790,0.488,251,689,0.364,394,529,0.745,197,1014,545,187,81,368,537
60,Columbia,29,7,22,0.241,-14.65,-2.65,1966,2197,1170,696,1728,0.403,226,714,0.317,348,487,0.715,296,998,340,196,58,401,485
61,Connecticut,32,24,8,0.75,20.88,7.45,2518,2087,1280,886,1925,0.46,289,805,0.359,457,609,0.75,432,1248,555,209,156,415,581
62,Coppin State,32,9,23,0.281,-14.6,-3.44,2304,2661,1300,779,1790,0.435,268,793,0.338,478,665,0.719,206,973,361,246,81,477,629
63,Cornell,28,17,11,0.607,0.38,-2.66,2287,2129,1125,816,1738,0.47,300,851,0.353,355,490,0.724,291,964,489,272,63,348,466
64,Creighton,33,21,12,0.636,17.69,9.54,2529,2260,1330,908,1943,0.467,294,817,0.36,419,546,0.767,279,1227,525,173,138,384,434
65,Dartmouth,28,10,18,0.357,-8.14,-2.67,1998,2027,1135,719,1626,0.442,228,685,0.333,332,475,0.699,236,976,360,153,113,404,476
66,Davidson,32,16,16,0.5,2.21,1.69,2236,2197,1295,785,1774,0.443,216,664,0.325,450,602,0.748,265,1054,420,172,41,347,485
67,Dayton,33,22,11,0.667,9.28,1.06,2278,2007,1330,815,1728,0.472,222,643,0.345,426,614,0.694,305,1191,507,162,143,403,449
68,Delaware,33,17,16,0.515,-5.59,-3.74,2298,2333,1330,816,1859,0.439,218,680,0.321,448,616,0.727,286,1069,389,228,131,374,540
69,Delaware State,30,6,24,0.2,-17.71,-4.96,1939,2265,1210,714,1725,0.414,171,542,0.315,340,494,0.688,336,1047,372,209,79,481,551
70,Denver,32,15,17,0.469,-9.09,-5.42,2325,2402,1300,835,1716,0.487,144,442,0.326,511,713,0.717,290,1126,363,177,98,479,544
71,DePaul,33,10,23,0.303,2.96,9.08,2349,2551,1340,838,1961,0.427,273,742,0.368,400,541,0.739,305,1070,457,211,156,427,604
72,Detroit Mercy,33,14,19,0.424,-3.01,-3.42,2527,2486,1330,876,2024,0.433,338,875,0.386,437,569,0.768,433,1212,413,202,64,390,529
73,Drake,34,27,7,0.794,8.34,-1.12,2561,2173,1390,930,1977,0.47,271,727,0.373,430,559,0.769,276,1215,463,183,89,356,503
74,Drexel,32,17,15,0.531,-2.26,-5.42,2135,1997,1305,773,1794,0.431,229,725,0.316,360,527,0.683,330,1120,374,180,103,373,464
75,Duke,34,26,8,0.765,15.61,7.03,2466,2174,1365,884,1959,0.451,233,693,0.336,465,604,0.77,413,1316,503,194,153,409,517
76,Duquesne,32,20,12,0.625,4.08,0.14,2394,2268,1282,871,1990,0.438,288,790,0.365,364,529,0.688,397,1145,491,265,124,381,597
77,East Carolina,33,16,17,0.485,0.06,1.76,2271,2327,1320,769,1896,0.406,249,788,0.316,484,704,0.688,403,1223,433,214,87,435,583
78,East Tennessee State,32,12,20,0.375,-5.88,-4.31,2211,2208,1285,821,1814,0.453,203,633,0.321,366,546,0.67,343,1122,390,195,99,420,491
79,Eastern Illinois,31,9,22,0.29,-13.83,-6.49,2134,2235,1245,797,1800,0.443,162,493,0.329,378,593,0.637,288,1052,449,260,105,419,559
80,Eastern Kentucky,33,20,13,0.606,-2.48,-2.11,2553,2380,1325,958,2202,0.435,283,839,0.337,354,538,0.658,452,1329,502,267,160,401,530
81,Eastern Michigan,31,8,23,0.258,-10.69,-1.53,2239,2505,1250,803,1827,0.44,192,608,0.316,441,575,0.767,270,974,299,194,67,367,587
82,Eastern Washington,32,22,10,0.688,1.31,-2.11,2466,2284,1280,880,1784,0.493,282,783,0.36,424,562,0.754,286,1152,495,159,98,435,562
83,Elon,32,8,24,0.25,-12.78,-4.31,2094,2291,1280,762,1791,0.425,218,722,0.302,352,497,0.708,281,1079,389,196,69,395,515
84,Evansville,32,5,27,0.156,-14.7,-1.11,1997,2432,1280,729,1839,0.396,199,618,0.322,340,540,0.63,252,1004,328,224,62,392,520
85,Fairfield,31,13,18,0.419,-6.9,-4.43,2012,2045,1255,690,1681,0.41,178,621,0.287,454,627,0.724,305,1045,296,170,114,367,472
86,Fairleigh Dickinson,34,19,15,0.559,-11.4,-11.72,2646,2547,1375,971,2133,0.455,275,795,0.346,429,575,0.746,398,1162,509,273,66,391,647
87,Florida,32,16,16,0.5,11.84,8.56,2302,2197,1285,811,1845,0.44,216,677,0.319,464,647,0.717,265,1114,398,215,169,353,526
88,Florida A&M,29,7,22,0.241,-17.41,-4.6,1700,2030,1165,595,1536,0.387,167,533,0.313,343,496,0.692,295,953,280,191,105,464,551
89,Florida Atlantic,34,31,3,0.912,13.39,0.51,2679,2209,1370,960,2034,0.472,332,893,0.372,427,596,0.716,358,1315,497,231,84,400,539
90,Florida Gulf Coast,32,17,15,0.531,-2.57,-3.02,2280,2222,1290,805,1844,0.437,295,832,0.355,375,507,0.74,301,1107,409,219,104,365,497
91,Florida International,32,14,18,0.438,-3.05,-0.02,2339,2404,1300,867,1861,0.466,219,671,0.326,386,541,0.713,275,1008,397,290,128,473,547
92,Florida State,32,9,23,0.281,-0.32,6.56,2219,2439,1280,802,1840,0.436,209,633,0.33,406,559,0.726,278,1006,430,197,125,388,519
93,Fordham,33,25,8,0.758,2.41,-1.98,2376,2231,1330,797,1901,0.419,252,792,0.318,530,715,0.741,356,1219,418,238,160,446,647
94,Fresno State,31,11,20,0.355,3.24,5.74,1974,2036,1240,720,1673,0.43,210,681,0.308,324,420,0.771,248,938,382,196,103,359,499
95,Furman,34,27,7,0.794,5.11,-3.9,2791,2421,1375,978,2023,0.483,324,934,0.347,511,690,0.741,337,1207,581,231,109,379,570
96,Gardner-Webb,31,15,16,0.484,-3.81,-4.61,2192,2032,1260,813,1741,0.467,196,583,0.336,370,592,0.625,310,1097,399,222,146,403,594
97,George Mason,33,20,13,0.606,1.94,0.49,2268,2220,1330,800,1774,0.451,240,685,0.35,428,657,0.651,302,1180,452,152,103,453,568
98,George Washington,32,16,16,0.5,-1.73,-0.4,2441,2455,1305,869,1849,0.47,228,710,0.321,475,644,0.738,284,1118,406,182,109,403,526
99,Georgetown,32,7,25,0.219,-1.09,7.5,2225,2500,1290,818,1934,0.423,185,599,0.309,404,563,0.718,345,1151,380,197,146,392,462
100,Georgia,32,16,16,0.5,2.2,5.2,2193,2289,1285,728,1774,0.41,215,678,0.317,522,718,0.727,347,1145,358,202,85,423,513
101,Georgia Southern,33,17,16,0.515,-3.04,-1.81,2257,2201,1325,840,1926,0.436,207,659,0.314,370,539,0.686,325,1165,343,232,94,378,551
102,Georgia State,31,10,21,0.323,-6.58,-0.72,2068,2150,1245,745,1789,0.416,164,556,0.295,414,581,0.713,343,1070,342,179,111,400,528
103,Georgia Tech,33,15,18,0.455,2.15,4.96,2301,2335,1325,855,2019,0.423,259,773,0.335,332,477,0.696,349,1155,463,197,134,349,524
104,Gonzaga,33,28,5,0.848,20.16,7.53,2888,2406,1325,1076,2035,0.529,256,661,0.387,480,685,0.701,336,1204,547,252,110,349,554
105,Grambling,33,24,9,0.727,-3.64,-8.09,2276,2054,1325,811,1785,0.454,174,489,0.356,480,745,0.644,364,1196,405,242,136,475,624
106,Grand Canyon,35,24,11,0.686,4.64,1.02,2636,2339,1410,905,1953,0.463,314,819,0.383,512,715,0.716,357,1292,441,172,115,423,632
107,Green Bay,32,3,29,0.094,-20.09,-2.94,1898,2447,1285,656,1665,0.394,218,724,0.301,368,524,0.702,235,905,350,162,76,447,541
108,Hampton,32,8,24,0.25,-15.1,-4.55,2183,2481,1285,759,1934,0.392,228,709,0.322,437,636,0.687,335,1098,352,138,101,354,587
109,Hartford,28,5,23,0.179,-23.34,-8.18,1757,1991,1120,659,1543,0.427,206,620,0.332,233,362,0.644,255,886,364,179,105,403,395
110,Harvard,28,14,14,0.5,-0.82,-2.13,1914,1858,1130,700,1593,0.439,184,596,0.309,330,493,0.669,299,1015,370,211,107,381,408
111,Hawaii,33,22,11,0.667,2.82,-1.71,2208,2039,1335,772,1799,0.429,220,667,0.33,444,594,0.747,320,1165,367,151,125,401,528
112,High Point,31,14,17,0.452,-9.84,-5.19,2312,2392,1241,813,1834,0.443,234,720,0.325,452,722,0.626,362,1179,383,203,152,438,573
113,Hofstra,33,24,9,0.727,4.9,-3.19,2466,2159,1330,940,1955,0.481,286,779,0.367,300,407,0.737,248,1120,472,207,141,349,474
114,Holy Cross,32,10,22,0.313,-14.27,-6.41,2136,2324,1285,812,1862,0.436,219,599,0.366,293,471,0.622,255,1040,398,203,89,387,514
115,Houston,33,31,2,0.939,23.83,4.44,2486,1846,1320,916,1964,0.466,258,741,0.348,396,549,0.721,413,1277,493,278,158,328,544
116,Houston Christian,32,10,22,0.313,-16.83,-6.59,2482,2658,1285,851,1863,0.457,265,726,0.365,515,717,0.718,330,1097,474,184,88,489,575
117,Howard,34,22,12,0.647,-4.76,-5.76,2566,2446,1365,908,1971,0.461,272,722,0.377,478,669,0.714,394,1217,505,244,108,555,600
118,Idaho,32,10,22,0.313,-8.37,-3.53,2335,2332,1296,824,1747,0.472,217,638,0.34,470,617,0.762,222,979,381,164,57,362,539
119,Idaho State,32,11,21,0.344,-6.24,-2.64,2213,2272,1310,794,1785,0.445,245,725,0.338,380,517,0.735,259,1005,392,185,90,370,564
120,Illinois,32,20,12,0.625,15.36,7.67,2389,2143,1295,854,1894,0.451,245,793,0.309,436,641,0.68,363,1214,399,219,181,409,540
121,Illinois State,32,11,21,0.344,-6.93,-2.93,2127,2255,1300,737,1699,0.434,232,690,0.336,421,531,0.793,280,1045,345,183,105,466,590
122,Illinois-Chicago,32,12,20,0.375,-8.44,-2.73,2149,2292,1290,747,1794,0.416,255,774,0.329,400,611,0.655,269,1037,421,206,150,410,560
123,Incarnate Word,31,12,19,0.387,-14.83,-8.01,2194,2290,1255,776,1756,0.442,194,557,0.348,448,600,0.747,284,976,382,259,88,425,532
124,Indiana,33,22,11,0.667,15.64,9.07,2476,2259,1325,939,1919,0.489,187,505,0.37,411,577,0.712,299,1180,509,190,163,383,572
125,Indiana State,34,22,12,0.647,5.77,-3.53,2700,2356,1365,951,1972,0.482,322,910,0.354,476,618,0.77,239,1175,541,223,64,401,559
126,Iona,34,27,7,0.794,7.96,-3.42,2597,2210,1365,957,2078,0.461,240,667,0.36,441,603,0.731,382,1216,511,254,189,361,555
127,Iowa,32,19,13,0.594,14.62,8.81,2567,2381,1295,913,2009,0.454,258,752,0.343,483,654,0.739,384,1163,530,212,110,317,470
128,Iowa State,32,19,13,0.594,16.53,10.84,2190,2008,1290,820,1822,0.45,209,616,0.339,341,506,0.674,364,1074,450,282,93,419,611
129,IUPUI,32,5,27,0.156,-18.7,-5.26,2089,2456,1285,786,1718,0.458,146,492,0.297,371,537,0.691,297,1011,358,185,81,506,570
130,Jackson State,33,14,19,0.424,-10.91,-4.94,2232,2429,1338,800,1911,0.419,207,650,0.318,425,630,0.675,384,1137,406,248,82,514,571
131,Jacksonville,29,13,16,0.448,-6.24,-2.58,1837,1816,1160,686,1519,0.452,200,588,0.34,265,353,0.751,220,968,376,148,69,333,409
132,Jacksonville State,31,13,18,0.419,-6.57,-2.49,2166,2178,1245,747,1705,0.438,281,747,0.376,391,559,0.699,318,1117,381,172,74,410,510
133,James Madison,33,22,11,0.667,5.15,-2.12,2658,2246,1340,933,2019,0.462,263,751,0.35,529,748,0.707,393,1257,444,298,87,435,583
134,Kansas,34,27,7,0.794,19.81,12.81,2548,2310,1370,940,2019,0.466,237,689,0.344,431,601,0.717,331,1221,559,299,128,420,563
135,Kansas City,32,11,21,0.344,-9.28,-2.78,2060,2199,1295,723,1844,0.392,188,665,0.283,426,598,0.712,430,1183,300,192,117,432,585
136,Kansas State,32,23,9,0.719,16.31,9.84,2416,2209,1300,838,1848,0.453,228,670,0.34,512,683,0.75,332,1140,536,246,89,459,566
137,Kennesaw State,34,26,8,0.765,0.29,-2.62,2559,2343,1375,904,1957,0.462,281,764,0.368,470,710,0.662,327,1196,490,271,95,423,610
138,Kent State,34,28,6,0.824,8.09,-1.29,2605,2234,1365,935,2059,0.454,268,797,0.336,467,644,0.725,367,1207,421,303,134,389,647
139,Kentucky,32,21,11,0.656,15.24,8.21,2402,2177,1290,880,1919,0.459,204,577,0.354,438,623,0.703,435,1247,490,207,120,373,516
140,La Salle,34,15,19,0.441,-2.63,0.13,2374,2468,1375,863,2037,0.424,248,726,0.342,400,577,0.693,384,1217,408,229,110,427,606
141,Lafayette,34,11,23,0.324,-7.94,-4.65,2120,2232,1394,767,1881,0.408,298,911,0.327,288,460,0.626,284,1106,528,196,101,396,523
142,Lamar,31,9,22,0.29,-16.98,-7.23,2104,2311,1250,761,1767,0.431,178,556,0.32,404,574,0.704,364,1119,409,199,104,441,488
143,Lehigh,30,16,14,0.533,-9.09,-6.05,2094,2082,1200,752,1698,0.443,205,584,0.351,385,516,0.746,203,1006,370,187,71,353,501
144,Liberty,34,26,8,0.765,8.2,-2.7,2556,2062,1360,917,1925,0.476,358,954,0.375,364,496,0.734,284,1155,555,219,76,352,503
145,Lindenwood,32,11,21,0.344,-14.53,-6.08,2226,2362,1305,804,1873,0.429,239,664,0.36,379,520,0.729,288,1099,376,203,105,424,514
146,Lipscomb,33,20,13,0.606,-1.91,-3.97,2521,2343,1340,943,1983,0.476,266,748,0.356,369,496,0.744,289,1198,466,177,92,399,460
147,Little Rock,31,10,21,0.323,-12.4,-6.75,2337,2461,1250,845,1907,0.443,185,567,0.326,462,632,0.731,339,1107,460,209,72,418,609
148,Long Beach State,33,17,16,0.515,-0.21,-0.05,2524,2455,1355,949,2086,0.455,146,494,0.296,480,708,0.678,429,1341,494,245,108,466,563
149,Long Island University,29,3,26,0.103,-25.04,-6.36,1935,2319,1160,720,1683,0.428,142,420,0.338,353,535,0.66,275,1005,420,192,99,475,511
150,Longwood,32,20,12,0.625,-1.81,-6.41,2341,2119,1280,831,1837,0.452,241,685,0.352,438,607,0.722,357,1111,398,206,70,380,531
151,Louisiana,33,26,7,0.788,4.12,-0.92,2575,2304,1325,928,1917,0.484,233,617,0.378,486,711,0.684,370,1214,477,236,102,401,558
152,Louisiana State,33,14,19,0.424,3.84,6.96,2231,2334,1320,768,1875,0.41,239,730,0.327,456,632,0.722,376,1156,406,223,88,405,560
153,Louisiana Tech,33,15,18,0.455,-0.24,1.56,2383,2320,1350,854,1930,0.442,281,814,0.345,394,546,0.722,359,1145,408,260,87,451,570
154,Louisiana-Monroe,32,11,21,0.344,-8.32,-0.25,2157,2235,1295,759,1860,0.408,242,690,0.351,397,557,0.713,345,1124,403,220,114,405,484
155,Louisville,32,4,28,0.125,-5.35,6.5,2046,2425,1280,716,1700,0.421,200,608,0.329,414,559,0.741,294,1031,299,145,90,478,527
156,Loyola (IL),31,10,21,0.323,-4.45,0.65,2089,2247,1255,757,1638,0.462,220,658,0.334,355,509,0.697,233,960,428,175,94,464,601
157,Loyola (MD),33,13,20,0.394,-11.99,-6.09,2222,2331,1325,822,1821,0.451,250,701,0.357,328,509,0.644,301,1035,459,247,78,446,517
158,Loyola Marymount,31,19,12,0.613,5.54,4.87,2335,2265,1255,832,1831,0.454,289,792,0.365,382,569,0.671,328,1119,366,169,86,397,602
159,Maine,30,13,17,0.433,-8.9,-4.68,2054,2091,1215,784,1711,0.458,198,595,0.333,288,396,0.727,232,924,415,284,62,371,446
160,Manhattan,30,12,18,0.4,-9.9,-4.96,2016,2112,1225,733,1682,0.436,205,616,0.333,343,520,0.66,274,952,370,227,105,406,492
161,Marist,33,13,20,0.394,-8.42,-5.66,2110,2201,1325,745,1819,0.41,253,771,0.328,367,526,0.698,294,1131,357,195,124,392,509
162,Marquette,34,28,6,0.824,17.28,7.93,2718,2400,1380,1007,2066,0.487,301,865,0.348,403,559,0.721,303,1084,598,320,107,365,553
163,Marshall,32,24,8,0.75,7.38,-2.59,2616,2281,1295,986,2120,0.465,264,781,0.338,380,548,0.693,395,1247,561,288,169,372,526
164,Maryland,33,21,12,0.636,15.11,7.9,2322,2084,1325,820,1826,0.449,226,684,0.33,456,617,0.739,324,1114,380,177,121,347,523
165,Maryland-Baltimore County,32,18,14,0.563,-6.28,-7.02,2378,2328,1285,869,1931,0.45,257,754,0.341,383,511,0.75,297,1093,456,180,81,323,467
166,Maryland-Eastern Shore,31,18,13,0.581,-7.51,-5.37,2162,2054,1245,776,1812,0.428,229,720,0.318,381,530,0.719,305,988,417,345,59,454,515
167,Massachusetts,31,15,16,0.484,-1.22,0.43,2163,2214,1240,775,1868,0.415,182,555,0.328,431,602,0.716,404,1187,423,211,119,443,541
168,Massachusetts-Lowell,34,26,8,0.765,0.54,-8.61,2653,2243,1365,965,1995,0.484,236,619,0.381,487,662,0.736,406,1314,486,237,164,466,572
169,McNeese State,34,11,23,0.324,-13.17,-5.02,2352,2565,1375,858,1991,0.431,258,793,0.325,378,571,0.662,422,1198,385,246,61,499,655
170,Memphis,33,25,8,0.758,14.43,6.64,2638,2381,1335,952,1985,0.48,203,575,0.353,531,710,0.748,342,1184,524,291,153,448,607
171,Mercer,33,14,19,0.424,-5,-3.87,2268,2211,1335,851,1885,0.451,196,586,0.334,370,536,0.69,342,1144,422,185,71,385,592
172,Merrimack,34,18,16,0.529,-11.56,-9.5,2128,2119,1360,732,1745,0.419,251,768,0.327,413,599,0.689,229,974,429,380,139,479,482
173,Miami (FL),32,25,7,0.781,12.44,5.16,2541,2308,1285,927,1908,0.486,243,661,0.368,444,572,0.776,331,1106,478,235,105,363,461
174,Miami (OH),32,12,20,0.375,-7.04,-2.01,2357,2385,1285,830,1817,0.457,250,736,0.34,447,568,0.787,287,1022,440,195,94,436,583
175,Michigan,32,17,15,0.531,12.69,9,2339,2221,1310,843,1886,0.447,245,709,0.346,408,580,0.703,284,1170,390,154,151,327,497
176,Michigan State,31,19,12,0.613,14.07,11.23,2177,2089,1255,798,1773,0.45,232,587,0.395,349,458,0.762,276,1106,460,142,90,337,512
177,Middle Tennessee,33,19,14,0.576,2.63,1.76,2313,2236,1330,857,1892,0.453,228,674,0.338,371,543,0.683,366,1109,356,249,159,439,579
178,Milwaukee,32,21,11,0.656,-4.49,-3.97,2507,2363,1300,891,1936,0.46,256,727,0.352,469,641,0.732,382,1251,453,224,179,486,575
179,Minnesota,31,9,22,0.29,0.06,8.22,1949,2202,1250,720,1664,0.433,192,591,0.325,317,512,0.619,262,1017,454,143,124,401,482
180,Mississippi,33,12,21,0.364,6.21,7.79,2227,2279,1330,816,1933,0.422,203,671,0.303,392,564,0.695,396,1180,432,235,123,402,525
181,Mississippi State,33,21,12,0.636,12.04,7.13,2175,2013,1340,792,1873,0.423,172,646,0.266,419,648,0.647,422,1239,468,292,113,420,499
182,Mississippi Valley State,32,5,27,0.156,-17.81,-4.09,1953,2392,1290,683,1681,0.406,162,464,0.349,425,639,0.665,316,1027,321,243,65,518,573
183,Missouri,33,24,9,0.727,12.19,7.28,2623,2461,1330,936,1978,0.473,309,857,0.361,442,583,0.758,299,1001,532,341,89,373,598
184,Missouri State,32,17,15,0.531,0.84,-0.52,2098,2021,1295,772,1776,0.435,254,767,0.331,300,479,0.626,363,1124,374,199,140,393,497
185,Monmouth,33,7,26,0.212,-15.63,-2.6,2036,2466,1320,746,1856,0.402,134,466,0.288,410,615,0.667,365,1088,395,278,83,476,635
186,Montana,31,17,14,0.548,-0.81,-1.51,2147,2114,1245,762,1650,0.462,244,656,0.372,379,481,0.788,229,942,378,146,74,347,560
187,Montana State,34,25,9,0.735,2.4,-1.7,2523,2265,1370,854,1822,0.469,210,621,0.338,605,797,0.759,283,1127,424,221,101,399,628
188,Morehead State,32,21,11,0.656,-7.61,-5.93,2247,2125,1285,779,1767,0.441,236,664,0.355,453,630,0.719,310,1142,442,185,126,389,507
189,Morgan State,31,15,16,0.484,-11.46,-5.98,2323,2242,1255,863,1911,0.452,206,559,0.369,391,568,0.688,362,1074,479,303,138,500,647
190,Mount St. Mary's,33,13,20,0.394,-8.01,-3.86,2101,2212,1330,771,1818,0.424,220,622,0.354,339,463,0.732,308,1110,410,182,82,450,540
191,Murray State,32,17,15,0.531,-4,-1.16,2254,2305,1296,805,1824,0.441,197,593,0.332,447,607,0.736,301,1111,391,174,83,349,467
192,Navy,31,18,13,0.581,-2.78,-6.12,2152,2013,1250,808,1781,0.454,240,647,0.371,296,419,0.706,310,1068,459,215,85,355,494
193,NC State,33,23,10,0.697,12.63,5.23,2580,2336,1325,958,2117,0.453,278,796,0.349,386,536,0.72,376,1209,431,262,151,314,574
194,Nebraska,32,16,16,0.5,7.4,9.3,2175,2236,1300,819,1790,0.458,214,657,0.326,323,504,0.641,264,1105,418,177,79,406,452
195,Nevada,32,22,10,0.688,11.36,6.84,2324,2140,1305,774,1742,0.444,227,657,0.346,549,694,0.791,240,1076,455,194,100,328,574
196,Nevada-Las Vegas,32,19,13,0.594,7.87,5.84,2376,2241,1305,819,1895,0.432,262,751,0.349,476,658,0.723,335,1081,411,291,122,394,547
197,New Hampshire,30,15,15,0.5,-9.09,-5.73,1992,2011,1210,696,1749,0.398,248,725,0.342,352,508,0.693,307,1071,350,161,76,297,452
198,New Mexico,33,22,11,0.667,11.93,5.71,2680,2442,1335,955,1974,0.484,189,531,0.356,581,781,0.744,323,1222,452,221,129,373,562
199,New Mexico State,24,9,15,0.375,-1.27,2.73,1769,1720,960,631,1426,0.442,181,534,0.339,326,479,0.681,246,852,291,176,55,305,453
200,New Orleans,32,12,20,0.375,-13.83,-6.96,2340,2536,1286,833,1785,0.467,196,519,0.378,478,674,0.709,309,1032,466,215,70,547,619
201,Niagara,31,16,15,0.516,-6.66,-4.46,2016,2044,1250,736,1642,0.448,196,570,0.344,348,481,0.723,250,944,339,165,71,365,499
202,Nicholls State,31,16,15,0.516,-8.05,-5.2,2344,2253,1240,882,1935,0.456,238,698,0.341,342,530,0.645,357,1075,431,302,93,420,639
203,NJIT,30,7,23,0.233,-12.64,-5.67,2008,2182,1220,744,1734,0.429,196,562,0.349,324,488,0.664,261,1022,336,160,85,334,471
204,Norfolk State,33,22,11,0.667,-3.44,-6.33,2501,2264,1332,876,1854,0.472,225,664,0.339,524,704,0.744,362,1185,424,234,122,434,598
205,North Alabama,32,18,14,0.563,-8.27,-4.16,2396,2380,1295,872,1882,0.463,245,658,0.372,407,572,0.712,271,1098,372,187,96,357,536
206,North Carolina,33,20,13,0.606,13.03,7.76,2514,2340,1345,866,1997,0.434,234,751,0.312,548,739,0.742,369,1304,397,177,128,355,555
207,North Carolina A&T,32,13,19,0.406,-11.21,-3.76,2264,2362,1290,806,1931,0.417,261,785,0.332,391,574,0.681,300,1136,375,240,98,385,547
208,North Carolina Central,30,18,12,0.6,-2.77,-5.96,2268,1977,1220,815,1737,0.469,221,614,0.36,417,594,0.702,328,1073,439,239,97,459,575
209,North Dakota,33,13,20,0.394,-7.12,-2.6,2380,2438,1330,858,1945,0.441,304,868,0.35,360,527,0.683,304,1101,394,146,88,378,522
210,North Dakota State,33,16,17,0.485,-4.03,-1.57,2404,2414,1320,866,1904,0.455,247,735,0.336,425,597,0.712,281,1191,370,130,98,379,509
211,North Florida,31,14,17,0.452,-6.6,-2.4,2363,2405,1260,837,1838,0.455,323,881,0.367,366,509,0.719,279,1058,405,154,120,378,435
212,North Texas,33,26,7,0.788,9.49,1.62,2119,1839,1335,736,1687,0.436,238,679,0.351,409,545,0.75,359,1111,367,209,97,392,542
213,Northeastern,30,10,20,0.333,-10.35,-3.99,1959,2150,1210,712,1704,0.418,211,635,0.332,324,473,0.685,331,1081,377,149,123,432,500
214,Northern Arizona,35,12,23,0.343,-3.68,-0.01,2581,2615,1420,930,2123,0.438,295,815,0.362,426,576,0.74,354,1189,484,185,53,378,649
215,Northern Colorado,32,12,20,0.375,-4.23,-0.23,2355,2480,1290,826,1843,0.448,265,741,0.358,438,588,0.745,263,1068,363,147,54,382,596
216,Northern Illinois,32,13,19,0.406,-6.17,-2.27,2304,2401,1285,837,1816,0.461,236,678,0.348,394,604,0.652,279,1060,402,207,74,458,617
217,Northern Iowa,32,14,18,0.438,-2.19,-0.58,2244,2238,1290,810,1788,0.453,238,699,0.34,386,554,0.697,244,1050,372,204,45,385,498
218,Northern Kentucky,34,22,12,0.647,-0.96,-3.43,2320,2161,1385,832,1928,0.432,278,794,0.35,378,546,0.692,376,1103,461,320,88,388,523
219,Northwestern,32,21,11,0.656,13.59,8.41,2165,1999,1290,753,1856,0.406,245,764,0.321,414,551,0.751,327,1107,414,255,133,312,517
220,Northwestern State,33,22,11,0.667,-4.31,-6.62,2463,2378,1330,900,2024,0.445,278,770,0.361,385,547,0.704,400,1114,415,273,79,393,605
221,Notre Dame,32,11,21,0.344,2.12,4.62,2227,2307,1285,810,1830,0.443,282,787,0.358,325,426,0.763,210,994,379,150,87,281,456
222,Oakland,32,13,19,0.406,-7.76,-2.6,2347,2442,1305,823,1892,0.435,232,753,0.308,469,604,0.776,268,977,384,239,84,339,448
223,Ohio,33,19,14,0.576,1.47,-2.28,2602,2413,1325,945,2063,0.458,295,791,0.373,417,571,0.73,399,1239,412,221,73,370,585
224,Ohio State,35,16,19,0.457,13.27,9.73,2538,2414,1410,948,2052,0.462,239,650,0.368,403,545,0.739,370,1257,410,181,132,375,573
225,Oklahoma,32,15,17,0.469,11.97,11.84,2165,2161,1290,782,1707,0.458,224,638,0.351,377,513,0.735,232,1049,417,183,97,428,518
226,Oklahoma State,33,18,15,0.545,13.52,11.15,2259,2181,1325,803,1860,0.432,228,732,0.311,425,612,0.694,363,1214,414,188,161,468,570
227,Old Dominion,31,19,12,0.613,-0.2,-0.43,2073,2052,1245,735,1760,0.418,164,523,0.314,439,646,0.68,375,1175,328,197,117,348,519
228,Omaha,32,9,23,0.281,-10.36,-1.39,2192,2438,1285,797,1805,0.442,183,540,0.339,415,535,0.776,259,1037,380,172,92,400,584
229,Oral Roberts,34,30,4,0.882,9.61,-2.92,2864,2384,1360,1039,2168,0.479,367,995,0.369,419,540,0.776,302,1256,504,234,183,320,445
230,Oregon,33,19,14,0.576,13.61,10,2332,2213,1325,842,1874,0.449,233,731,0.319,415,585,0.709,365,1223,435,187,158,401,487
231,Oregon State,32,11,21,0.344,0.52,7.04,1959,2144,1280,676,1647,0.41,192,605,0.317,415,551,0.753,254,996,326,172,98,429,570
232,Pacific,33,15,18,0.455,-0.04,2.58,2502,2565,1330,868,1920,0.452,297,761,0.39,469,651,0.72,267,1044,419,179,85,389,628
233,Penn State,34,22,12,0.647,12.68,8.59,2466,2327,1385,904,1944,0.465,357,922,0.387,301,412,0.731,206,1109,474,149,75,305,529
234,Pennsylvania,30,17,13,0.567,0.69,-1.28,2249,2160,1220,812,1749,0.464,244,678,0.36,381,514,0.741,304,1128,444,166,96,382,543
235,Pepperdine,31,9,22,0.29,0.41,5.24,2417,2520,1260,898,1930,0.465,253,699,0.362,368,518,0.71,286,1109,469,168,117,436,548
236,Pittsburgh,33,22,11,0.667,9.94,4.3,2512,2326,1320,868,1916,0.453,304,845,0.36,472,620,0.761,341,1193,475,170,134,369,536
237,Portland,33,14,19,0.424,2.16,4.62,2566,2594,1330,836,1837,0.455,317,845,0.375,577,774,0.745,268,1082,488,164,75,420,579
238,Portland State,31,12,19,0.387,-4.8,-0.22,2363,2340,1240,835,1865,0.448,234,688,0.34,459,631,0.727,289,974,431,220,105,375,700
239,Prairie View,33,13,20,0.394,-8.78,-6.45,2226,2256,1345,791,1971,0.401,194,647,0.3,450,652,0.69,390,1170,359,245,121,451,624
240,Presbyterian,32,5,27,0.156,-13.58,-5.04,2021,2223,1294,718,1709,0.42,191,616,0.31,394,630,0.625,336,1048,344,176,98,430,617
241,Princeton,28,20,8,0.714,2.83,-2.91,2130,1923,1135,761,1658,0.459,238,694,0.343,370,522,0.709,284,1104,381,140,94,355,453
242,Providence,32,21,11,0.656,12.88,6.1,2499,2282,1305,880,1917,0.459,213,606,0.351,526,706,0.745,392,1226,470,221,146,377,479
243,Purdue,33,28,5,0.848,19.55,8.94,2418,2068,1325,841,1821,0.462,228,689,0.331,508,681,0.746,402,1274,510,158,123,365,452
244,Purdue-Fort Wayne,32,17,15,0.531,-5.18,-4.68,2364,2234,1286,836,1906,0.439,308,891,0.346,384,545,0.705,318,1139,418,235,74,421,467
245,Queens (NC),33,18,15,0.545,-4.26,-4.36,2564,2463,1320,878,1977,0.444,305,873,0.349,503,698,0.721,371,1232,456,204,72,411,531
246,Quinnipiac,32,20,12,0.625,-2.39,-5.16,2335,2231,1295,826,1908,0.433,263,725,0.363,420,630,0.667,365,1197,419,196,82,404,525
247,Radford,33,19,14,0.576,-2.45,-4.49,2301,2142,1320,849,1841,0.461,220,610,0.361,383,555,0.69,336,1103,390,235,97,392,561
248,Rhode Island,31,9,22,0.29,-3.98,0.67,2046,2190,1255,696,1765,0.394,168,553,0.304,486,653,0.744,363,1148,347,199,119,437,557
249,Rice,33,18,15,0.545,-2.73,0.97,2530,2521,1340,895,1914,0.468,296,829,0.357,444,602,0.738,265,1145,508,190,81,434,509
250,Richmond,33,15,18,0.455,1.6,0.51,2273,2237,1340,786,1791,0.439,261,790,0.33,440,591,0.745,226,1067,402,189,78,380,499
251,Rider,30,16,14,0.533,-3.39,-4.81,2105,2027,1215,793,1746,0.454,150,449,0.334,369,502,0.735,339,1085,341,161,67,345,548
252,Robert Morris,33,16,17,0.485,-5.58,-5.32,2287,2205,1325,844,1904,0.443,235,703,0.334,364,505,0.721,337,1145,457,220,135,432,533
253,Rutgers,33,19,14,0.576,15.08,7.54,2240,1991,1325,832,1943,0.428,187,588,0.318,389,554,0.702,381,1221,494,290,128,378,529
254,Sacramento State,32,14,18,0.438,-4.28,-1.25,2114,2169,1305,778,1751,0.444,217,629,0.345,341,489,0.697,348,1141,436,143,85,427,497
255,Sacred Heart,33,16,17,0.485,-13.18,-11.31,2332,2351,1330,864,2002,0.432,229,731,0.313,375,553,0.678,349,1180,444,259,108,438,502
256,Saint Francis (PA),31,13,18,0.419,-13.9,-9.76,2263,2286,1245,813,1760,0.462,240,633,0.379,397,564,0.704,265,1037,430,137,64,391,510
257,Saint Joseph's,33,16,17,0.485,-0.19,-0.16,2388,2389,1330,818,1920,0.426,290,882,0.329,462,657,0.703,342,1142,399,216,107,421,578
258,Saint Louis,33,21,12,0.636,6.31,3.12,2493,2348,1320,921,1970,0.468,230,645,0.357,421,576,0.731,335,1254,543,166,132,399,558
259,Saint Mary's (CA),33,26,7,0.788,18.11,7.15,2355,1984,1335,849,1854,0.458,256,689,0.372,401,579,0.693,357,1177,414,225,115,352,547
260,Saint Peter's,32,14,18,0.438,-9.9,-5.25,1986,2083,1290,716,1830,0.391,190,648,0.293,364,528,0.689,433,1119,336,200,102,393,681
261,Sam Houston State,32,25,7,0.781,7.93,0.79,2341,1884,1290,848,1849,0.459,265,689,0.385,380,558,0.681,372,1188,441,270,70,423,580
262,Samford,32,21,11,0.656,0.67,-4.18,2519,2290,1300,832,1833,0.454,290,822,0.353,565,756,0.747,319,1137,374,260,83,405,598
263,San Diego,31,11,20,0.355,-1.58,3.76,2391,2495,1250,849,1882,0.451,244,691,0.353,449,587,0.765,314,1027,398,207,55,355,547
264,San Diego State,33,27,6,0.818,15.98,8.45,2378,2099,1330,838,1886,0.444,237,671,0.353,465,635,0.732,354,1181,443,233,123,389,532
265,San Francisco,34,20,14,0.588,6.55,4.19,2591,2496,1370,883,1975,0.447,349,966,0.361,476,635,0.75,326,1173,436,230,85,469,629
266,San Jose State,33,20,13,0.606,5.96,5.74,2228,2199,1335,820,1876,0.437,251,771,0.326,337,501,0.673,394,1250,408,133,138,395,514
267,Santa Clara,32,23,9,0.719,9.2,5.52,2482,2355,1295,898,1973,0.455,268,725,0.37,418,594,0.704,341,1229,448,192,122,397,507
268,Seattle,32,20,12,0.625,1.17,0.94,2303,2209,1285,786,1953,0.402,275,870,0.316,456,635,0.718,359,1186,381,196,99,382,581
269,Seton Hall,32,17,15,0.531,11,8.39,2192,2084,1280,762,1725,0.442,186,567,0.328,482,708,0.681,340,1121,389,267,142,448,570
270,Siena,32,17,15,0.531,-3.36,-4.73,2195,2151,1295,766,1769,0.433,213,611,0.349,450,611,0.736,323,1098,409,182,135,420,547
271,South Alabama,35,19,16,0.543,3.81,-0.25,2483,2282,1405,955,2036,0.469,266,770,0.345,307,447,0.687,242,1143,399,212,151,342,512
272,South Carolina,32,11,21,0.344,-1.88,6.41,2059,2324,1300,744,1846,0.403,244,755,0.323,327,495,0.661,378,1091,355,157,84,421,512
273,South Carolina State,31,5,26,0.161,-16.56,-3.96,2274,2599,1250,838,1980,0.423,213,671,0.317,385,575,0.67,429,1097,435,224,100,486,637
274,South Carolina Upstate,31,16,15,0.516,-7.64,-4.06,2136,2158,1245,782,1704,0.459,204,597,0.342,368,561,0.656,256,976,369,229,137,414,626
275,South Dakota,31,12,19,0.387,-9.41,-2.86,2149,2282,1240,755,1750,0.431,275,706,0.39,364,476,0.765,267,1041,385,138,48,360,540
276,South Dakota State,32,19,13,0.594,-1.34,-1.6,2270,2233,1290,812,1805,0.45,246,700,0.351,400,505,0.792,223,1040,341,166,92,371,456
277,South Florida,32,14,18,0.438,2.15,2.15,2303,2303,1285,844,1894,0.446,236,703,0.336,379,582,0.651,381,1197,429,207,98,437,568
278,Southeast Missouri State,35,19,16,0.543,-7.19,-6.71,2718,2659,1425,931,2134,0.436,278,849,0.327,578,808,0.715,341,1232,480,240,113,459,736
279,Southeastern Louisiana,32,18,14,0.563,-7.64,-6.37,2483,2432,1305,889,1942,0.458,248,672,0.369,457,616,0.742,329,1107,453,233,58,390,557
280,Southern,32,15,17,0.469,-8.18,-6.11,2300,2280,1290,804,1872,0.429,244,737,0.331,448,627,0.715,281,1037,451,278,75,468,639
281,Southern California,32,22,10,0.688,13.76,8.23,2329,2152,1285,831,1820,0.457,207,600,0.345,458,616,0.744,302,1128,430,225,165,399,550
282,Southern Illinois,33,23,10,0.697,1.64,-1.64,2168,2026,1325,769,1716,0.448,259,795,0.326,371,513,0.723,228,1040,459,238,70,414,539
283,SIU Edwardsville,33,19,14,0.576,-6.29,-7.36,2463,2353,1320,834,1917,0.435,236,718,0.329,559,767,0.729,372,1222,407,228,141,421,576
284,Southern Indiana,32,16,16,0.5,-8.26,-7.33,2448,2370,1295,849,1947,0.436,314,832,0.377,436,642,0.679,396,1247,414,233,76,431,587
285,Southern Methodist,32,10,22,0.313,0.34,5.65,2248,2418,1300,810,1919,0.422,201,646,0.311,427,634,0.674,335,1118,436,226,108,413,556
286,Southern Mississippi,32,25,7,0.781,4.26,-1.74,2376,2094,1280,859,1876,0.458,222,682,0.326,436,613,0.711,355,1171,468,267,85,379,530
287,Southern Utah,34,22,12,0.647,3.79,2.19,2812,2529,1380,972,2081,0.467,277,799,0.347,591,809,0.731,361,1290,443,252,112,447,638
288,St. Bonaventure,32,14,18,0.438,-1.09,-0.19,2136,2165,1290,769,1794,0.429,226,650,0.348,372,529,0.703,301,1048,380,224,108,405,596
289,St. Francis (NY),30,14,16,0.467,-17.02,-11.7,1946,2034,1205,688,1701,0.404,204,577,0.354,366,524,0.698,342,1016,369,223,144,414,460
290,St. John's (NY),33,18,15,0.545,8.58,6.43,2552,2481,1340,970,2159,0.449,193,583,0.331,419,599,0.699,433,1324,500,272,123,462,535
291,St. Thomas,33,19,14,0.576,-2.69,-4.24,2447,2316,1320,847,1895,0.447,297,844,0.352,456,581,0.785,272,1052,426,196,77,327,574
292,Stanford,33,14,19,0.424,10.04,8.07,2321,2256,1320,838,1853,0.452,267,736,0.363,378,545,0.694,342,1137,490,188,106,413,557
293,Stephen F. Austin,32,19,13,0.594,0.94,-0.47,2427,2238,1305,867,1834,0.473,203,532,0.382,490,684,0.716,342,1102,482,284,83,493,685
294,Stetson,30,17,13,0.567,-2.56,-2.56,2298,2200,1225,829,1783,0.465,303,778,0.389,337,436,0.773,299,1028,418,153,96,314,461
295,Stonehill,31,14,17,0.452,-13.24,-8.98,2076,2157,1255,720,1633,0.441,239,677,0.353,397,524,0.758,194,963,380,219,88,417,468
296,Stony Brook,33,11,22,0.333,-12.41,-4.09,2083,2279,1325,726,1756,0.413,256,794,0.322,375,504,0.744,252,1119,389,144,83,413,499
297,Syracuse,32,17,15,0.531,5.39,4.18,2372,2333,1290,871,1883,0.463,198,547,0.362,432,577,0.749,324,1113,459,241,161,373,427
298,Tarleton State,33,17,16,0.515,-0.42,2.06,2376,2236,1325,823,1814,0.454,158,467,0.338,572,817,0.7,314,1048,427,321,93,409,677
299,TCU,33,21,12,0.636,16.26,8.98,2481,2241,1325,913,1999,0.457,180,588,0.306,475,678,0.701,378,1180,535,272,156,402,534
300,Temple,32,16,16,0.5,4.96,5.59,2227,2247,1305,754,1774,0.425,255,773,0.33,464,613,0.757,311,1126,441,159,128,434,538
301,Tennessee,33,23,10,0.697,21.9,8.15,2369,1915,1325,843,1931,0.437,257,780,0.329,426,597,0.714,429,1278,558,273,120,398,553
302,Tennessee State,32,18,14,0.563,-8.83,-8.76,2499,2401,1281,868,1935,0.449,281,804,0.35,482,694,0.695,336,1164,427,187,105,403,654
303,Tennessee Tech,33,16,17,0.485,-9.22,-6.18,2432,2421,1355,860,1967,0.437,302,829,0.364,410,570,0.719,310,1159,476,207,80,416,527
304,Tennessee-Martin,33,19,14,0.576,-8.49,-7.73,2658,2489,1335,945,2058,0.459,255,771,0.331,513,711,0.722,346,1293,450,249,114,394,603
305,Texas,34,26,8,0.765,21.31,10.87,2647,2292,1375,959,2049,0.468,243,717,0.339,486,646,0.752,332,1168,548,274,125,398,599
306,Texas A&M,33,25,8,0.758,15.09,7.28,2427,2169,1320,796,1809,0.44,202,617,0.327,633,836,0.757,401,1215,424,227,78,407,601
307,Texas A&M-Commerce,33,13,20,0.394,-10.6,-7.26,2362,2421,1345,859,1890,0.454,278,868,0.32,366,522,0.701,303,1063,474,191,101,423,618
308,Texas A&M-Corpus Christi,33,23,10,0.697,-2.31,-7.66,2653,2394,1330,923,2020,0.457,257,698,0.368,550,696,0.79,393,1217,518,289,56,428,629
309,Texas Southern,34,14,20,0.412,-9.46,-4.49,2361,2434,1390,868,2033,0.427,162,571,0.284,463,700,0.661,395,1282,396,227,116,497,633
310,Texas State,35,16,19,0.457,-2.06,-0.44,2309,2334,1400,848,1918,0.442,154,501,0.307,459,630,0.729,359,1143,346,220,124,411,630
311,Texas Tech,32,16,16,0.5,13.11,8.77,2347,2208,1290,831,1810,0.459,230,666,0.345,455,630,0.722,334,1125,413,234,93,441,494
312,Texas-Rio Grande Valley,32,15,17,0.469,-6.18,-0.25,2518,2502,1290,868,1852,0.469,222,655,0.339,560,802,0.698,345,1211,505,151,104,514,641
313,The Citadel,32,10,22,0.313,-11.97,-3.61,2158,2374,1280,771,1786,0.432,228,702,0.325,388,514,0.755,234,1015,365,176,85,393,539
314,Toledo,35,28,7,0.8,6.51,-2.35,3002,2686,1400,1059,2129,0.497,299,754,0.397,585,759,0.771,352,1198,522,242,103,351,567
315,Towson,33,21,12,0.636,0.3,-4.73,2368,2202,1335,860,1922,0.447,243,663,0.367,405,572,0.708,407,1232,461,205,113,404,538
316,Troy,33,20,13,0.606,1.64,-0.99,2414,2204,1330,858,1945,0.441,255,798,0.32,443,632,0.701,362,1151,447,288,86,424,559
317,Tulane,31,20,11,0.645,5.82,3.05,2478,2392,1260,861,1873,0.46,241,713,0.338,515,663,0.777,211,1037,485,262,130,351,511
318,Tulsa,30,5,25,0.167,-8.04,4.1,1959,2323,1210,715,1733,0.413,230,735,0.313,299,463,0.646,271,958,348,164,45,397,464
319,UAB,35,25,10,0.714,9.79,1.11,2853,2501,1440,1004,2207,0.455,255,710,0.359,590,801,0.737,470,1417,508,288,151,451,616
320,UC Davis,32,18,14,0.563,0.14,-1.3,2392,2274,1295,809,1820,0.445,214,630,0.34,560,790,0.709,377,1186,389,227,90,471,600
321,UC Irvine,34,23,11,0.676,5.1,-0.62,2559,2268,1365,945,2002,0.472,243,633,0.384,426,592,0.72,321,1252,506,236,82,420,644
322,UC Riverside,34,22,12,0.647,1.18,0.12,2463,2352,1380,906,2047,0.443,284,784,0.362,367,526,0.698,390,1251,450,175,61,417,629
323,UC San Diego,30,10,20,0.333,-6.47,-0.29,2057,2189,1230,740,1720,0.43,228,695,0.328,349,472,0.739,249,1004,359,174,67,362,482
324,UC Santa Barbara,34,27,7,0.794,3.9,-2.16,2454,2231,1365,901,1826,0.493,190,539,0.353,462,635,0.728,275,1090,483,219,86,383,547
325,UCLA,34,29,5,0.853,22.6,8.98,2513,2050,1360,949,2071,0.458,209,602,0.347,406,562,0.722,394,1213,483,287,131,349,533
326,UNC Asheville,34,27,7,0.794,-1.48,-5.33,2551,2332,1380,878,1839,0.477,268,687,0.39,527,759,0.694,287,1194,437,216,136,480,527
327,UNC Greensboro,32,20,12,0.625,1.72,-2.85,2306,2064,1291,816,1831,0.446,254,718,0.354,420,587,0.716,330,1180,465,228,83,376,535
328,UNC Wilmington,34,24,10,0.706,-1.19,-3.06,2343,2187,1375,813,1832,0.444,209,624,0.335,508,697,0.729,324,1130,365,230,95,408,624
329,UT Arlington,32,11,21,0.344,-4.76,2.35,2125,2190,1285,772,1863,0.414,207,643,0.322,374,570,0.656,407,1148,432,204,96,443,619
330,Utah,32,17,15,0.531,11.89,5.98,2197,2043,1285,791,1852,0.427,232,698,0.332,383,541,0.708,357,1254,462,161,126,384,487
331,Utah State,34,26,8,0.765,15.26,7.29,2671,2370,1365,919,1916,0.48,321,816,0.393,512,670,0.764,291,1210,573,170,115,411,578
332,Utah Tech,33,14,19,0.424,0.16,1.32,2495,2420,1330,828,1802,0.459,285,749,0.381,554,787,0.704,321,1125,434,219,74,497,647
333,Utah Valley,33,25,8,0.758,7.27,0.91,2541,2251,1335,899,1940,0.463,216,656,0.329,527,711,0.741,336,1315,531,218,225,457,592
334,UTEP,32,14,18,0.438,-1.03,1.54,2192,2192,1315,796,1776,0.448,158,537,0.294,442,699,0.632,373,1122,385,288,85,505,576
335,UTSA,32,10,22,0.313,-8.02,0.88,2217,2450,1291,749,1826,0.41,235,703,0.334,484,659,0.734,341,1132,334,137,81,439,563
336,Valparaiso,32,11,21,0.344,-8.27,-2.3,2206,2355,1310,814,1852,0.44,198,668,0.296,380,522,0.728,251,1087,436,187,83,406,530
337,Vanderbilt,34,20,14,0.588,9.29,8.88,2465,2451,1373,858,2002,0.429,289,845,0.342,460,646,0.712,382,1230,402,169,153,368,558
338,Vermont,33,23,10,0.697,1.76,-3.68,2410,2198,1337,878,1848,0.475,284,791,0.359,370,531,0.697,215,1035,450,197,97,308,490
339,Villanova,32,17,15,0.531,10.79,8.67,2250,2168,1285,763,1733,0.44,285,831,0.343,439,531,0.827,226,1009,361,178,54,323,507
340,Virginia,32,25,7,0.781,13.69,6.13,2170,1928,1285,769,1711,0.449,218,617,0.353,414,591,0.701,264,1025,506,221,135,274,458
341,Virginia Commonwealth,33,26,7,0.788,9.84,1.41,2361,2083,1320,822,1766,0.465,199,579,0.344,518,740,0.7,304,1099,432,300,152,448,536
342,VMI,32,7,25,0.219,-16.12,-3.44,2220,2457,1290,800,1923,0.416,309,880,0.351,311,406,0.766,349,1131,365,172,37,411,484
343,Virginia Tech,33,19,14,0.576,9.58,5.13,2449,2302,1325,901,1917,0.47,275,760,0.362,372,506,0.735,281,1102,513,174,106,328,511
344,Wagner,28,15,13,0.536,-12.23,-11.27,1766,1727,1130,655,1627,0.403,181,583,0.31,275,403,0.682,360,1005,339,189,49,335,540
345,Wake Forest,33,19,14,0.576,8.24,5.42,2528,2435,1330,878,1909,0.46,315,866,0.364,457,613,0.746,275,1129,444,199,90,399,528
346,Washington,32,16,16,0.5,7.29,8.45,2213,2250,1300,786,1823,0.431,209,668,0.313,432,577,0.749,286,1083,368,220,165,448,529
347,Washington State,33,17,16,0.515,11.41,8.5,2250,2154,1325,789,1859,0.424,296,802,0.369,376,524,0.718,361,1154,391,157,90,397,527
348,Weber State,33,18,15,0.545,-2.61,-1,2219,2229,1345,779,1727,0.451,218,647,0.337,443,578,0.766,218,1032,351,200,47,422,580
349,West Virginia,33,19,14,0.576,16.53,11.26,2518,2344,1325,860,1897,0.453,240,689,0.348,558,753,0.741,367,1117,435,221,102,428,608
350,Western Carolina,33,18,15,0.545,-6.2,-4.17,2457,2340,1345,846,1962,0.431,286,829,0.345,479,667,0.718,330,1224,419,179,86,355,571
351,Western Illinois,30,16,14,0.533,-7.13,-4.28,2191,2171,1205,795,1755,0.453,209,652,0.321,392,560,0.7,284,1034,410,174,107,322,434
352,Western Kentucky,33,17,16,0.515,-1.17,0.73,2355,2330,1330,839,1907,0.44,249,695,0.358,428,601,0.712,300,1152,416,204,173,383,489
353,Western Michigan,31,8,23,0.258,-10.16,-1.95,2166,2295,1240,786,1820,0.432,250,757,0.33,344,482,0.714,379,1146,396,143,68,395,522
354,Wichita State,32,17,15,0.531,6.21,3.68,2272,2191,1300,827,1839,0.45,212,685,0.309,406,567,0.716,312,1163,426,203,129,401,478
355,William & Mary,33,13,20,0.394,-10.97,-4.16,2219,2320,1325,791,1829,0.432,256,698,0.367,381,559,0.682,330,1095,401,199,67,398,533
356,Winthrop,32,15,17,0.469,-6.58,-3.55,2360,2382,1285,787,1671,0.471,283,757,0.374,503,681,0.739,260,993,366,164,98,447,538
357,Wisconsin,31,17,14,0.548,10.68,9.55,2013,1978,1270,737,1778,0.415,252,720,0.35,287,428,0.671,245,968,361,189,45,270,496
358,Wofford,33,17,16,0.515,-4.83,-3.13,2466,2392,1340,906,1916,0.473,247,748,0.33,407,552,0.737,312,1088,412,188,68,361,468
359,Wright State,33,18,15,0.545,-2.1,-5.65,2637,2432,1350,1031,2077,0.496,205,574,0.357,370,502,0.737,304,1212,495,207,99,419,514
360,Wyoming,31,9,22,0.29,2.64,6.74,2144,2234,1245,740,1680,0.44,268,768,0.349,396,557,0.711,246,994,345,151,79,371,488
361,Xavier,34,25,9,0.735,16.42,9.07,2768,2518,1365,1027,2077,0.494,257,650,0.395,457,640,0.714,359,1280,655,222,108,429,540
362,Yale,28,21,7,0.75,8.22,-2.22,2146,1752,1130,795,1648,0.482,209,577,0.362,347,498,0.697,279,1064,414,180,113,314,484
363,Youngstown State,33,24,9,0.727,1.73,-6.18,2721,2396,1345,995,2026,0.491,263,715,0.368,468,602,0.777,341,1170,511,232,89,368,533
